"nid","source","path"
"3702","/node/3702","/properties/142-buchanan-circle"
"3701","/node/3701","/properties/138-buchanan-circle"
"3700","/node/3700","/properties/136-buchanan-circle"
"3699","/node/3699","/properties/771-dawsons-park-way"
"3698","/node/3698","/properties/134-buchanan-circle"
"3697","/node/3697","/properties/779-dawsons-park-way"
"3696","/node/3696","/properties/719-camberwell-rd"
"3695","/node/3695","/properties/804-camberwell-rd"
"3694","/node/3694","/properties/807-camberwell-rd"
"3693","/node/3693","/properties/815-camberwell-rd"
"3692","/node/3692","/news/great-southern-homes-rises-54th-largest-builder-builder-top-100"
"3691","/node/3691","/properties/27-regal-drive"
"3689","/node/3689","/properties/15-tidelands-trail"
"3688","/node/3688","/properties/38-regal-drive"
"3687","/node/3687","/properties/21-regal-drive"
"3686","/node/3686","/properties/39-regal-drive"
"3685","/node/3685","/properties/776-dawsons-park-way"
"3684","/node/3684","/properties/780-dawsons-park-way"
"3682","/node/3682","/properties/806-frogmore-way"
"3681","/node/3681","/properties/814-frogmore-way"
"3680","/node/3680","/properties/22-vintage-oak-court"
"3677","/node/3677","/properties/210-cedar-hollow-lane-lot-45"
"3676","/node/3676","/properties/307-dolly-horn-lane"
"3675","/node/3675","/properties/3730-moseley-dr-lot-106"
"3674","/node/3674","/properties/3643-moseley-dr-lot-95"
"3673","/node/3673","/properties/3637-moseley-dr-lot-96"
"3671","/node/3671","/properties/170-warbranch-road"
"3669","/node/3669","/properties/regatta-forest-lot-48"
"3667","/node/3667","/properties/110-sabal-dr-west-columbia-sc-29169"
"3666","/node/3666","/properties/173-colony-drive"
"3665","/node/3665","/properties/768-dawsons-park-way"
"3663","/node/3663","/properties/172-cedar-chase-lane-lot-57"
"3662","/node/3662","/properties/216-cedar-hollow-lane-lot-44"
"3661","/node/3661","/properties/271-canada-drive"
"3660","/node/3660","/properties/527-holland-road"
"3659","/node/3659","/properties/635-teaberry-drive-lot-109"
"3658","/node/3658","/properties/631-teaberry-drive-lot-108"
"3657","/node/3657","/properties/350-cabana-way"
"3656","/node/3656","/properties/26-vintage-oak-court"
"3655","/node/3655","/properties/21-sixty-oaks-lane"
"3654","/node/3654","/properties/215-hilton-view-court"
"3653","/node/3653","/properties/regatta-forest-lot-56"
"3652","/node/3652","/properties/regatta-forest-lot-57"
"3651","/node/3651","/properties/regatta-forest-lot-49"
"3650","/node/3650","/properties/regatta-forest-lot-59"
"3649","/node/3649","/properties/regatta-forest-lot-36"
"3648","/node/3648","/properties/441-fairford-road"
"3646","/node/3646","/properties/114-buchanan-circle"
"3645","/node/3645","/properties/625-teaberry-drive-lot-107"
"3644","/node/3644","/properties/shoals-landing-lot-59"
"3643","/node/3643","/properties/shoals-landing-lot-56"
"3642","/node/3642","/properties/shoals-landing-lot-58"
"3641","/node/3641","/properties/shoals-landing-lot-52"
"3640","/node/3640","/properties/shoals-landing-lot-50"
"3639","/node/3639","/properties/775-dawsons-park-drive"
"3638","/node/3638","/properties/772-dawsons-park-way"
"3637","/node/3637","/properties/122-sabal-dr-west-columbia-sc-29169"
"3636","/node/3636","/properties/114-sabal-dr-west-columbia-sc-29169"
"3635","/node/3635","/properties/123-sabal-dr-west-columbia-sc-29169"
"3634","/node/3634","/properties/310-dolly-horn-lane"
"3633","/node/3633","/properties/306-dolly-horn-lane"
"3632","/node/3632","/properties/33-windy-lane"
"3631","/node/3631","/properties/9-windy-lane"
"3630","/node/3630","/properties/211-cedar-hollow-lane-lot-50"
"3629","/node/3629","/properties/298-cedar-hollow-lane"
"3628","/node/3628","/properties/161-cedar-chase-lane-lot-11"
"3627","/node/3627","/properties/24-cedar-croft-court-lot-67"
"3626","/node/3626","/properties/31-tidelands-trail"
"3625","/node/3625","/properties/40-tidelands-trail"
"3624","/node/3624","/properties/72-tidelands-trail"
"3623","/node/3623","/properties/764-dawsons-park-way"
"3622","/node/3622","/properties/121-barnett-way"
"3621","/node/3621","/properties/105-barnett-way"
"3620","/node/3620","/properties/206-cedar-hollow-lane"
"3619","/node/3619","/properties/322-dolly-horn-lane"
"3618","/node/3618","/properties/316-dolly-horn-lane"
"3617","/node/3617","/properties/1063-acacia-lane"
"3616","/node/3616","/properties/1057-acacia-lane"
"3615","/node/3615","/properties/113-printers-street"
"3614","/node/3614","/properties/1-wheaton-court"
"3613","/node/3613","/properties/3-chestnut-grove-lane"
"3612","/node/3612","/properties/111-printers-street-pendleton-sc-29670"
"3611","/node/3611","/properties/109-printers-street-pendleton-sc-29670"
"3610","/node/3610","/properties/105-printers-street-pendleton-sc-29670"
"3609","/node/3609","/properties/103-printers-street-pendleton-sc-29670"
"3608","/node/3608","/properties/107-printers-street-pendleton-sc-29670"
"3607","/node/3607","/properties/3037-gedney-circle"
"3606","/node/3606","/properties/653-kennington-road"
"3605","/node/3605","/properties/439-fairford-road"
"3604","/node/3604","/properties/658-kennington-road"
"3603","/node/3603","/properties/641-kennington-road"
"3602","/node/3602","/properties/645-kennington-road"
"3601","/node/3601","/properties/522-pinnacle-lane"
"3600","/node/3600","/properties/131-orchard-park-road-lot-37"
"3599","/node/3599","/properties/135-orchard-park-road-lot-36"
"3598","/node/3598","/properties/139-orchard-park-road-lot-35"
"3597","/node/3597","/properties/141-orchard-park-road-lot-34"
"3596","/node/3596","/properties/145-orchard-park-road-lot-33"
"3595","/node/3595","/properties/241-elsoma-drive"
"3594","/node/3594","/properties/237-elsoma-drive"
"3593","/node/3593","/properties/266-elsoma-drive"
"3592","/node/3592","/properties/221-elsoma-drive"
"3591","/node/3591","/properties/12-double-branch-trail"
"3590","/node/3590","/properties/14-double-branch-trail"
"3589","/node/3589","/properties/16-double-branch-trail"
"3588","/node/3588","/properties/18-double-branch-trail"
"3587","/node/3587","/properties/202-fern-hollow-way"
"3586","/node/3586","/properties/204-fern-hollow-way"
"3585","/node/3585","/properties/206-fern-hollow-way"
"3584","/node/3584","/properties/209-fern-hollow-way"
"3583","/node/3583","/properties/207-fern-hollow-way"
"3582","/node/3582","/properties/300-longmont-drive"
"3581","/node/3581","/properties/707-lamberts-way"
"3580","/node/3580","/properties/715-lamberts-way"
"3579","/node/3579","/properties/1908-rowe-street"
"3578","/node/3578","/properties/1844-rowe-street"
"3577","/node/3577","/properties/821-red-solstice-lot-162"
"3576","/node/3576","/properties/829-red-solstice-lot-160"
"3574","/node/3574","/properties/148-living-waters-blvd"
"3572","/node/3572","/properties/422-crassula-drive"
"3571","/node/3571","/properties/418-crassula-drive"
"3570","/node/3570","/properties/414-crassula-drive"
"3569","/node/3569","/properties/435-crassula-drive-0"
"3567","/node/3567","/properties/426-crassula-drive"
"3566","/node/3566","/properties/546-lawndale-drive"
"3565","/node/3565","/properties/107-wheaton-court"
"3564","/node/3564","/properties/105-wheaton-court"
"3563","/node/3563","/properties/111-wheaton-court"
"3562","/node/3562","/properties/under-contract-5"
"3561","/node/3561","/properties/under-contract-4"
"3560","/node/3560","/properties/under-contract-3"
"3559","/node/3559","/properties/205-fern-hollow-way"
"3558","/node/3558","/properties/1095-dewees-st"
"3557","/node/3557","/properties/1005-dewees-st"
"3556","/node/3556","/properties/203-fern-hollow-way"
"3555","/node/3555","/properties/201-fern-hollow-way"
"3554","/node/3554","/properties/1872-rowe-street"
"3553","/node/3553","/properties/104-ventnor-ave"
"3552","/node/3552","/properties/1880-rowe-street"
"3551","/node/3551","/properties/518-pinnacle-lane"
"3550","/node/3550","/properties/1707-trevino-drive"
"3549","/node/3549","/properties/211-niblick-drive"
"3548","/node/3548","/properties/510-burnaby-court"
"3547","/node/3547","/properties/119-warren-drive"
"3546","/node/3546","/properties/516-burnaby-court"
"3545","/node/3545","/properties/123-warren-drive"
"3544","/node/3544","/properties/124-barnett-way"
"3543","/node/3543","/properties/522-burnaby-court"
"3542","/node/3542","/properties/211-sunny-point-loop"
"3541","/node/3541","/properties/114-sunny-point-loop"
"3540","/node/3540","/properties/526-burnaby-court"
"3539","/node/3539","/properties/124-sunny-point-loop"
"3538","/node/3538","/properties/198-sunny-point-loop"
"3537","/node/3537","/properties/120-sunny-point-loop"
"3536","/node/3536","/properties/532-burnaby-court-aiken-sc-29801"
"3535","/node/3535","/properties/538-burnaby-court"
"3531","/node/3531","/properties/557-burnaby-court"
"3530","/node/3530","/properties/551-burnaby-court-aiken-sc-29801"
"3529","/node/3529","/properties/2123-bonneville-circle-aiken-sc-29801"
"3528","/node/3528","/properties/2077-bonneville-circle-aiken-sc-29801"
"3527","/node/3527","/properties/2073-bonneville-circle-aiken-sc-29801"
"3526","/node/3526","/properties/2065-bonneville-circle-aiken-sc"
"3525","/node/3525","/properties/2061-bonneville-circle-aiken-sc-29801"
"3524","/node/3524","/properties/2040-bonneville-circle-aiken-sc-29801"
"3523","/node/3523","/properties/2042-bonneville-circle-aiken-sc-29801"
"3522","/node/3522","/properties/2044-bonneville-circle-aiken-sc-29801"
"3521","/node/3521","/properties/2057-bonneville-circle-aiken-sc-29801"
"3520","/node/3520","/properties/995-morgan-mll-lane"
"3519","/node/3519","/properties/990-yellowstone"
"3518","/node/3518","/properties/1039-took-place"
"3517","/node/3517","/properties/607-autumn-breeze-walk-inman-sc-29349"
"3515","/node/3515","/properties/624-teaberry-drive-lot-121"
"3514","/node/3514","/properties/652-teaberry-drive-lot-115"
"3513","/node/3513","/properties/1740-trevino-drive"
"3510","/node/3510","/properties/620-teaberry-drive-lot-122"
"3509","/node/3509","/properties/614-teaberry-drive-lot-123"
"3508","/node/3508","/properties/801-brown-rd"
"3504","/node/3504","/properties/803-brown-rd"
"3503","/node/3503","/properties/shoals-landing-lot-51"
"3502","/node/3502","/properties/shoals-landing-lot-57"
"3500","/node/3500","/properties/regatta-forest-lot-51"
"3499","/node/3499","/properties/regatta-forest-lot-39"
"3498","/node/3498","/properties/regatta-forest-lot-52"
"3497","/node/3497","/properties/regatta-forest-lot-37"
"3496","/node/3496","/properties/228-cedar-hollow-lane-lot-42"
"3495","/node/3495","/properties/236-cedar-hollow-lane-lot-41"
"3494","/node/3494","/properties/240-cedar-hollow-lane-lot-40"
"3493","/node/3493","/properties/183-cedar-chase-lane-lot-16"
"3491","/node/3491","/properties/1766-trevino-drive"
"3490","/node/3490","/properties/177-cedar-chase-lane-lot-15"
"3489","/node/3489","/properties/610-teaberry-drive-lot-124"
"3488","/node/3488","/properties/274-claudia-drive"
"3487","/node/3487","/properties/302-cellar-ln-batesburg-sc-29006"
"3486","/node/3486","/properties/216-cassique-drive-lot-72"
"3485","/node/3485","/properties/204-cassique-drive-lot-75"
"3484","/node/3484","/properties/1095-acacia-lane"
"3483","/node/3483","/properties/212-cassique-drive-lot-73"
"3482","/node/3482","/properties/203-cassique-drive-lot-43"
"3481","/node/3481","/properties/109-orchard-park-road-68"
"3480","/node/3480","/properties/169-cassique-drive-lot-41"
"3479","/node/3479","/properties/115-orchard-park-road-67"
"3478","/node/3478","/properties/13-apple-tree-court-66"
"3477","/node/3477","/properties/312-wesleyan-way-w-columbia-sc-29170"
"3475","/node/3475","/properties/166-saint-george-rd-w-columbia-sc"
"3473","/node/3473","/properties/414-crassula-dr"
"3472","/node/3472","/properties/426-crassula-dr"
"3471","/node/3471","/properties/418-crassula-dr"
"3470","/node/3470","/properties/522-lawndale"
"3469","/node/3469","/properties/533-bella-woods-trail-lot-14-inman-sc-23949"
"3468","/node/3468","/properties/537-bella-woods-trail-lot-13-inman-sc-29349"
"3467","/node/3467","/properties/109-orchard-park-rd-lot-68"
"3466","/node/3466","/properties/17-apple-tree-court-lot-65"
"3465","/node/3465","/properties/525-bella-woods-trail-lot-16-inman-sc-29349"
"3464","/node/3464","/properties/21-apple-tree-court-lot-64"
"3463","/node/3463","/properties/25-apple-court-lot-63"
"3462","/node/3462","/properties/621-teaberry-drive-lot-106"
"3461","/node/3461","/properties/2228-spicewood-0"
"3460","/node/3460","/properties/120-decoy-court-lot-3"
"3459","/node/3459","/properties/125-decoy-court-lot-13"
"3458","/node/3458","/properties/130-decoy-court-lot-4"
"3457","/node/3457","/properties/135-decoy-court-lot-12"
"3456","/node/3456","/properties/520-curlew-circle-lot-144"
"3455","/node/3455","/properties/510-curlew-circle-lot-143"
"3454","/node/3454","/properties/505-curlew-circle-lot-158"
"3453","/node/3453","/properties/515-curlew-circle-lot-157"
"3452","/node/3452","/properties/42-vintage-oak-ct"
"3451","/node/3451","/properties/615-teaberry-drive-lot-105"
"3450","/node/3450","/properties/205-niblick-drive"
"3449","/node/3449","/properties/109-limestone-rd"
"3448","/node/3448","/properties/213-st-charles-place"
"3447","/node/3447","/properties/2212-haile-street"
"3446","/node/3446","/properties/760-dawsons-park-way"
"3444","/node/3444","/properties/300-rossmoor"
"3443","/node/3443","/properties/305-rossmoor-ct"
"3442","/node/3442","/properties/157-colony-drive"
"3441","/node/3441","/properties/153-colony-drive"
"3439","/node/3439","/properties/600-teaberry-drive-lot-125"
"3438","/node/3438","/news/great-southern-homes-savors-big-night-2019-regal-awards"
"3437","/node/3437","/properties/268-claudia-drive"
"3436","/node/3436","/properties/270-claudia-drive"
"3435","/node/3435","/properties/106-sabal-dr-west-columbia-sc-29169"
"3433","/node/3433","/properties/270-elsoma-drive"
"3432","/node/3432","/properties/1084-acacia-lane"
"3431","/node/3431","/properties/1025-acacia-lane"
"3430","/node/3430","/properties/1005-acacia-lane"
"3429","/node/3429","/properties/219-hilton-view-court"
"3428","/node/3428","/properties/209-hilton-view-court"
"3427","/node/3427","/properties/482-truman-dr"
"3426","/node/3426","/properties/445-fairford-road"
"3425","/node/3425","/properties/246-cedar-hollow-lane"
"3421","/node/3421","/properties/418-glen-arven-court"
"3420","/node/3420","/properties/422-glen-arven-court"
"3418","/node/3418","/properties/112-buchanan"
"3417","/node/3417","/properties/547-truman-dr"
"3416","/node/3416","/properties/601-teaberry-drive-lot-104"
"3415","/node/3415","/properties/2025-indiangrass-cove"
"3414","/node/3414","/properties/2055-indiangrass-cove"
"3412","/node/3412","/properties/3632-moseley-drlot-69"
"3411","/node/3411","/properties/3624-moseley-dr-lot-68"
"3410","/node/3410","/properties/752-dawsons-park"
"3409","/node/3409","/properties/756-dawsons-park-way"
"3408","/node/3408","/properties/763-dawsons-park-way"
"3407","/node/3407","/properties/755-dawsons-park-way"
"3406","/node/3406","/properties/751-dawsons-park-way"
"3404","/node/3404","/properties/lot-41-shoals-landing"
"3403","/node/3403","/properties/lot-40-shoals-landing"
"3401","/node/3401","/properties/704-camberwell-road"
"3400","/node/3400","/properties/5-chestnut-grove-lane"
"3399","/node/3399","/properties/715-camberwell-road"
"3398","/node/3398","/properties/442-glen-arven-court"
"3397","/node/3397","/properties/443-glen-arven-court"
"3396","/node/3396","/properties/423-glen-arven-court"
"3395","/node/3395","/properties/425-crassula-dr"
"3394","/node/3394","/properties/410-crassula-dr"
"3393","/node/3393","/properties/406-crassula-dr"
"3392","/node/3392","/properties/421-crassula-dr"
"3390","/node/3390","/properties/417-crassula-dr"
"3389","/node/3389","/properties/844-winter-flower-dr"
"3388","/node/3388","/properties/838-winter-flower-dr"
"3386","/node/3386","/properties/409-crassula-dr"
"3385","/node/3385","/properties/66-mayapple-dr"
"3384","/node/3384","/properties/77-mayapple-dr"
"3382","/node/3382","/properties/74-mayapple-dr"
"3379","/node/3379","/properties/220-elsoma-drive"
"3378","/node/3378","/properties/226-elsoma-drive"
"3377","/node/3377","/properties/230-elsoma-drive"
"3376","/node/3376","/properties/217-elsoma-drive"
"3375","/node/3375","/properties/213-elsoma-drive"
"3374","/node/3374","/properties/121-screech-drive"
"3373","/node/3373","/properties/594-teaberry-drive-lot-126"
"3372","/node/3372","/properties/591-teaberry-drive-lot-102"
"3369","/node/3369","/properties/804-red-solstice-court"
"3367","/node/3367","/properties/652-kennington-road"
"3365","/node/3365","/properties/158-viewmont-drive"
"3364","/node/3364","/properties/208-cassique-drive-lot-74"
"3363","/node/3363","/properties/168-cassique-drive-lot-77"
"3362","/node/3362","/properties/172-cassique-drive-lot-76"
"3361","/node/3361","/properties/173-cassique-drive-lot-42"
"3360","/node/3360","/properties/199-upper-lake-dr"
"3359","/node/3359","/properties/511-montague-dr"
"3358","/node/3358","/properties/1824-ringneck-court-lot378"
"3356","/node/3356","/properties/1840-ringneck-court-lot376"
"3355","/node/3355","/properties/autumns-cay-all-brick-community-boat-ramp-dock-and-boat-storage"
"3354","/node/3354","/properties/autumns-cayall-brick-lake-community"
"3353","/node/3353","/properties/1833-ringneck-court-lot-373"
"3352","/node/3352","/properties/349-dolly-horn-lane"
"3349","/node/3349","/properties/209-elsoma-drive"
"3348","/node/3348","/properties/316-arcadia-court"
"3346","/node/3346","/properties/131-elsoma-drive"
"3345","/node/3345","/properties/597-teaberry-drive-lot-103"
"3344","/node/3344","/properties/16-snowy-ct"
"3343","/node/3343","/properties/735-lansford-bay-drive"
"3342","/node/3342","/properties/763-lansford-bay-drive"
"3341","/node/3341","/properties/212-bromley-fold"
"3340","/node/3340","/properties/542-lawndale-drive"
"3339","/node/3339","/properties/539-lawndale-drive"
"3338","/node/3338","/properties/543-lawndale-drive"
"3337","/node/3337","/properties/264-claudia-drive"
"3336","/node/3336","/properties/267-claudia-dr"
"3335","/node/3335","/properties/260-claudia-drive"
"3334","/node/3334","/properties/335-dolly-horn-lane"
"3333","/node/3333","/properties/731-lansford-bay-drive"
"3331","/node/3331","/properties/739-lansford-bay-drive"
"3330","/node/3330","/properties/745-lansford-bay-drive"
"3329","/node/3329","/properties/751-lansford-bay-drive"
"3328","/node/3328","/properties/755-lansford-bay-drive"
"3324","/node/3324","/news/2018-great-year-great-southern-homes"
"3327","/node/3327","/properties/759-lansford-bay-drive"
"3325","/node/3325","/properties/810-frogmore-lane"
"3323","/node/3323","/properties/262-oristo-ridge-way"
"3322","/node/3322","/properties/254-oristo-ridge-way"
"3313","/node/3313","/properties/325-oristo-ridge-way"
"3309","/node/3309","/properties/62-sixty-oaks-lane"
"3308","/node/3308","/properties/986-morgan-mill-ln"
"3307","/node/3307","/properties/990-morgan-mill-ln"
"3306","/node/3306","/properties/987-morgan-mill-ln"
"3305","/node/3305","/properties/1019-took-place"
"3304","/node/3304","/properties/1023-took-place"
"3303","/node/3303","/properties/1027-took-place"
"3302","/node/3302","/properties/1031-took-place"
"3301","/node/3301","/properties/1035-took-place"
"3300","/node/3300","/properties/1091-yellowstone-dr"
"3299","/node/3299","/properties/1134-took-place"
"3298","/node/3298","/properties/34-vintage-oak-ct"
"3296","/node/3296","/properties/38-vintage-oak-ct"
"3294","/node/3294","/properties/101-new-haven-court"
"3293","/node/3293","/properties/113-brandau-lane"
"3292","/node/3292","/properties/127-elsoma-drive"
"3288","/node/3288","/properties/648-kennington-road"
"3287","/node/3287","/properties/656-kennington-road"
"3285","/node/3285","/properties/649-kennington-road"
"3283","/node/3283","/properties/435-fairford-road"
"3278","/node/3278","/properties/under-contract-2"
"3277","/node/3277","/properties/113-wheaton-court"
"3276","/node/3276","/properties/115-wheaton-court"
"3275","/node/3275","/properties/208-bromley-fold-lane"
"3274","/node/3274","/properties/200-bromley-fold-lane"
"3273","/node/3273","/properties/regatta-forest-lot-50"
"3270","/node/3270","/properties/regatta-forest-lot-16"
"3268","/node/3268","/properties/2228-spicewood"
"3264","/node/3264","/properties/10-preserve-avenue"
"3261","/node/3261","/properties/119-screech-drive"
"3260","/node/3260","/properties/434-fairford-road"
"3055","/node/3055","/properties/147-cedar-chase-lane"
"3259","/node/3259","/properties/275-claudia-drive"
"3258","/node/3258","/properties/273-claudia-drive"
"3257","/node/3257","/properties/269-claudia-drive"
"3256","/node/3256","/properties/334-cabana-way"
"3255","/node/3255","/properties/260-sunset-pt-drive"
"3254","/node/3254","/properties/222-sunset-pt-drive"
"3253","/node/3253","/properties/743-dawsons-park-way"
"3252","/node/3252","/properties/5-snowy-court"
"3251","/node/3251","/properties/6-snowy-court"
"3246","/node/3246","/properties/574-jp-stevens-road"
"3245","/node/3245","/properties/100-winyah-court"
"3244","/node/3244","/properties/211-vista-circle"
"3243","/node/3243","/properties/113-valley-view-drive"
"3240","/node/3240","/properties/162-colony-drive"
"3237","/node/3237","/properties/214-barred-owl-drive"
"3236","/node/3236","/properties/239-hilton-view-ct"
"3235","/node/3235","/news/great-southern-homes-voted-%E2%80%9Cbest-home-builder-2018%E2%80%9D-state-newspaper"
"3234","/node/3234","/properties/250-cedar-hollow-lane"
"3233","/node/3233","/properties/270-cedar-hollow-lane"
"3232","/node/3232","/properties/140-cedar-chase-lane-lot-59"
"3231","/node/3231","/properties/269-cedar-hollow-lane-lot-21"
"3230","/node/3230","/properties/173-cedar-chase-lane-lot-14"
"3229","/node/3229","/properties/120-cedar-chase-lane-lot-63"
"3227","/node/3227","/properties/813-red-solstice-court-lot-164"
"3226","/node/3226","/properties/817-red-solstice-court-lot-163"
"3224","/node/3224","/properties/820-red-solstice-court-lot-150"
"3223","/node/3223","/properties/816-red-solstice-court-lot-149"
"3222","/node/3222","/properties/812-red-solstice-court-lot-148"
"3220","/node/3220","/properties/808-red-solstice-court-lot-147"
"3219","/node/3219","/properties/3255-debidue-ln-109"
"3218","/node/3218","/properties/1100-dewees-st-82"
"3217","/node/3217","/properties/60-daufaskie-ct-66"
"3216","/node/3216","/properties/80-daufaskie-ct-64"
"3215","/node/3215","/properties/2816-girard-dr-52"
"3214","/node/3214","/properties/824-red-solstice-court-lot-151"
"3213","/node/3213","/properties/825-red-solstice-court-lot-161"
"3210","/node/3210","/properties/234-st-charles-place"
"3209","/node/3209","/properties/527-connecticut-ave"
"3208","/node/3208","/properties/1719-trevino-drive"
"3207","/node/3207","/properties/1848-ringneck-court-lot-375"
"3204","/node/3204","/properties/1701-trevino-drive"
"3203","/node/3203","/properties/1017-acacia-lane"
"3202","/node/3202","/properties/79-fieldrush-court"
"3201","/node/3201","/properties/75-fieldrush-court"
"3199","/node/3199","/properties/221-st-charles-place"
"3198","/node/3198","/properties/1053-acacia-lane"
"3196","/node/3196","/properties/207-ventnor-ave"
"3194","/node/3194","/properties/shoals-landing-lot-49"
"3193","/node/3193","/properties/543-connecticut-ave"
"3192","/node/3192","/properties/shoals-landing-lot-48"
"3191","/node/3191","/properties/211-limestone-rd"
"3186","/node/3186","/properties/520-walt-rauch-road"
"3185","/node/3185","/properties/141-cascade-drive"
"3184","/node/3184","/properties/133-cascade-drive"
"3183","/node/3183","/properties/137-cascade-drive"
"3180","/node/3180","/properties/362-cabana-way"
"3179","/node/3179","/properties/305-cellar-ln-batesburg-sc-29006"
"3178","/node/3178","/properties/303-cellar-ln-batesburg-sc-29006"
"3174","/node/3174","/properties/1760-trevino-drive"
"3173","/node/3173","/properties/145-decoy-ct-lot-11-0"
"3172","/node/3172","/properties/145-decoy-ct-lot-11"
"3171","/node/3171","/properties/140-decoy-ct-lot-5"
"3170","/node/3170","/properties/1748-trevino"
"3169","/node/3169","/properties/3780-moseley-drive-lot-66"
"3167","/node/3167","/properties/3619-moseley-drive-lot-72"
"3166","/node/3166","/properties/shoals-landing-lot-47"
"3165","/node/3165","/properties/shoals-landing-lot-45"
"3164","/node/3164","/properties/shoals-landing-lot-44"
"3163","/node/3163","/properties/shoals-landing-lot-43"
"3162","/node/3162","/properties/1725-trevino-drive-0"
"3160","/node/3160","/properties/3631-moseley-drive-lot-70"
"3159","/node/3159","/properties/3624-moseley-drive-lot-68"
"3241","/node/3241","/news/boys-farm-cuts-ribbon-nieri-house-newberry-observer"
"3155","/node/3155","/properties/8729-old-percival-road"
"3154","/node/3154","/properties/8733-old-percival-road"
"3148","/node/3148","/properties/355-dolly-horn-lane"
"3147","/node/3147","/properties/468-fairford-road"
"3146","/node/3146","/properties/464-fairford-road"
"3145","/node/3145","/properties/476-fairford-road"
"3144","/node/3144","/properties/2124-chatfield-dr"
"3143","/node/3143","/properties/2123-chatfield-dr"
"3142","/node/3142","/properties/211-bromley-fold-lane"
"3141","/node/3141","/properties/4144-enclave"
"3140","/node/3140","/properties/4140-enclave"
"3139","/node/3139","/properties/4114-enclave"
"3138","/node/3138","/properties/4129-enclave"
"3137","/node/3137","/news/future-home-jamia-porcher-georgetown-sc"
"3131","/node/3131","/properties/528-bella-woods-trail"
"3130","/node/3130","/properties/520-bella-woods-tr-lot-5"
"3129","/node/3129","/properties/524-bella-woods-tr-lot-6"
"3128","/node/3128","/properties/536-bella-woods-trail-lot-9"
"3127","/node/3127","/properties/532-bella-woods-trail"
"3242","/node/3242","/news/great-southern-homes-mike-satterfield-industry-heavy-hitter"
"3125","/node/3125","/properties/816-misty-harbor-road"
"3124","/node/3124","/properties/820-misty-harbor-road"
"3123","/node/3123","/news/ribbon-cutting-nieri-family-cottage-boys-farm-newberry"
"3119","/node/3119","/properties/212-sunset-pt-drive"
"3118","/node/3118","/properties/652-pinnacle-way"
"3114","/node/3114","/properties/40-daufaskie-ct-68"
"3113","/node/3113","/properties/55-tidelands-trail"
"3112","/node/3112","/properties/23-tidelands-trail"
"3111","/node/3111","/properties/516-bella-woods-tr-lot-4"
"3110","/node/3110","/properties/512-bella-woods-tr-lot-3"
"3108","/node/3108","/properties/56-sixty-oaks-lane"
"3105","/node/3105","/properties/328-crassula-dr"
"3103","/node/3103","/properties/103-fuller-estate-drive"
"3102","/node/3102","/properties/105-fuller-estate-drive"
"3101","/node/3101","/properties/107-fuller-estate-drive"
"3100","/node/3100","/properties/111-fuller-estate-drive"
"3099","/node/3099","/properties/113-fuller-estate-drive"
"3098","/node/3098","/properties/115-fuller-estate-drive"
"3097","/node/3097","/properties/117-fuller-estate-drive"
"3096","/node/3096","/properties/121-fuller-estate-drive"
"3095","/node/3095","/properties/123-fuller-estate-drive"
"3094","/node/3094","/properties/125-fuller-estate-drive"
"3093","/node/3093","/properties/114-fuller-estate-drive"
"3091","/node/3091","/properties/112-fuller-estate-drive"
"3090","/node/3090","/properties/126-heritage-place-drive"
"3089","/node/3089","/properties/128-heritage-place-drive"
"3088","/node/3088","/properties/130-heritage-place-drive"
"3087","/node/3087","/properties/132-heritage-place-drive"
"3086","/node/3086","/properties/134-heritage-place-drive"
"3085","/node/3085","/properties/136-heritage-place-drive"
"3084","/node/3084","/properties/138-heritage-place-drive"
"3083","/node/3083","/properties/140-heritage-place-drive"
"3082","/node/3082","/properties/142-heritage-place-drive"
"3081","/node/3081","/properties/144-heritage-place-drive"
"3080","/node/3080","/properties/146-heritage-place-drive"
"3079","/node/3079","/properties/148-heritage-place-drive"
"3077","/node/3077","/properties/438-fairford-road"
"3076","/node/3076","/properties/422-fairford-road"
"3075","/node/3075","/properties/414-fairford-road"
"3071","/node/3071","/properties/110-fuller-estate-drive"
"3070","/node/3070","/properties/106-fuller-estate-drive"
"3069","/node/3069","/properties/104-fuller-estate-drive"
"3068","/node/3068","/properties/102-fuller-estate-drive"
"3067","/node/3067","/properties/100-fuller-estate-drive"
"3066","/node/3066","/properties/1725-trevino-drive"
"3064","/node/3064","/properties/2217-nazareth-road-lot-36"
"3058","/node/3058","/properties/426-glen-arven-court"
"3056","/node/3056","/properties/14-cedar-croft-court"
"3054","/node/3054","/properties/129-colony-drive"
"3050","/node/3050","/properties/85-mayapple-drive"
"3045","/node/3045","/properties/177-sierra-drive-0"
"3044","/node/3044","/properties/porter-ii"
"3043","/node/3043","/properties/171-sierra-drive-0"
"3042","/node/3042","/properties/263-claudia-drive"
"3041","/node/3041","/properties/261-claudia-drive"
"3039","/node/3039","/properties/707-camberwell-road"
"3038","/node/3038","/news/great-southern-homes-constructs-oakcreste-student-housing-clemson-sc"
"3037","/node/3037","/properties/1055-dewees-st-163"
"3036","/node/3036","/properties/3240-debidue-ln-105"
"3034","/node/3034","/properties/138-cayman-loop"
"3033","/node/3033","/properties/154-cayman-loop"
"3023","/node/3023","/properties/141-living-waters-blvd"
"3020","/node/3020","/properties/2507-sunflower-drive"
"3018","/node/3018","/properties/regatta-forest-lot-12"
"3017","/node/3017","/properties/regatta-forest-lot-68"
"3015","/node/3015","/properties/256-sunset-point-drive"
"3013","/node/3013","/properties/under-contract"
"3012","/node/3012","/properties/under-contract-1"
"3006","/node/3006","/properties/346-dolly-horn-lane"
"3002","/node/3002","/properties/705-camberwell-road"
"2999","/node/2999","/properties/256-claudia-drive"
"2995","/node/2995","/properties/1012-grove-blvd"
"2994","/node/2994","/properties/4124-enclave"
"2992","/node/2992","/properties/2224-spicewood-dr"
"2988","/node/2988","/properties/1033-acacia-lane"
"2987","/node/2987","/properties/1029-acacia-lane"
"2980","/node/2980","/properties/3781-moseley-drlot-62"
"2979","/node/2979","/properties/3607-moseley-dr-lot-74"
"2977","/node/2977","/properties/185-tahoe-drive"
"2973","/node/2973","/properties/444-fairford-road"
"2971","/node/2971","/properties/150-viewmont-dr"
"2970","/node/2970","/properties/229-viewmont-drive"
"2969","/node/2969","/properties/138-viewmont-dr"
"2967","/node/2967","/properties/134-viewmont-dr"
"2966","/node/2966","/properties/3022-longfellow"
"2965","/node/2965","/properties/2121-chatfield"
"2963","/node/2963","/properties/2101-spicewood"
"2960","/node/2960","/properties/spacious-open-concept-smart-home-0"
"2959","/node/2959","/properties/209-cellar-ln-batesburg-sc-29006"
"2958","/node/2958","/properties/211-cellar-ln-batesburg-sc-29006"
"2957","/node/2957","/properties/spacious-open-concept-smart-home"
"2954","/node/2954","/properties/regatta-forest-lot-20"
"2953","/node/2953","/properties/regatta-forest-lot-67"
"2952","/node/2952","/properties/166-kirkwood-drive-1"
"2948","/node/2948","/news/great-southern-homes-earns-multiple-honors-hbasc-conference"
"2950","/node/2950","/news/south-carolina-housing-hall-fame-inducts-two-new-members"
"2944","/node/2944","/properties/253-claudia-drive"
"2942","/node/2942","/properties/251-claudia-drive"
"2940","/node/2940","/properties/609-marvin-garden"
"2933","/node/2933","/properties/567-teaberry-drive-lot-97"
"3136","/node/3136","/news/michael-nieri-inducted-south-carolina-housing-hall-fame"
"2928","/node/2928","/properties/4121-enclave"
"2927","/node/2927","/properties/4117-enclave-0"
"2926","/node/2926","/news/shelton-twine-named-chief-operating-officer"
"2925","/node/2925","/properties/3145-woodside"
"2924","/node/2924","/properties/3153-woodside"
"2922","/node/2922","/properties/984-grove-blvd"
"2921","/node/2921","/properties/980-grove-blvd"
"2920","/node/2920","/properties/1731-trevino-drive"
"2919","/node/2919","/properties/1772-trevino-drive"
"2913","/node/2913","/properties/2932-bowen-street"
"2911","/node/2911","/properties/1016-grove-blvd"
"2910","/node/2910","/properties/1008-grove-blvd"
"2909","/node/2909","/properties/1001-grove-blvd"
"2908","/node/2908","/properties/981-grove-blvd"
"2907","/node/2907","/properties/985-grove-blvd"
"2906","/node/2906","/properties/121-wheaton-court"
"2905","/node/2905","/properties/112-wheaton-court"
"2904","/node/2904","/properties/110-wheaton-court"
"2901","/node/2901","/properties/1864-wildwood-lane"
"2900","/node/2900","/properties/1860-wildwood-lane"
"2896","/node/2896","/properties/45-whitetail-circle"
"2895","/node/2895","/properties/35-whitetail-circle-lot-19"
"2892","/node/2892","/properties/267-lagavulin-drive"
"2891","/node/2891","/properties/25-whitetail-circle"
"2890","/node/2890","/properties/15-whitetail-circle"
"2889","/node/2889","/properties/5-whitetail-circle-lot-16"
"2886","/node/2886","/properties/148-living-waters-blvd-lexington-sc-29073"
"2881","/node/2881","/properties/4117-enclave"
"2880","/node/2880","/properties/4120-enclave"
"2876","/node/2876","/properties/2226-spicewood"
"2875","/node/2875","/properties/2102-abernathy"
"2872","/node/2872","/properties/3021-red-hawk"
"2870","/node/2870","/properties/3015-wild-turkey"
"2869","/node/2869","/properties/640-pinnacle-lane"
"2862","/node/2862","/properties/343-dolly-horn-lane"
"2861","/node/2861","/properties/306-saucer-way"
"2859","/node/2859","/properties/327-saucer-way"
"2852","/node/2852","/properties/519-lawndale-dr"
"2851","/node/2851","/properties/515-lawndale-dr"
"2849","/node/2849","/properties/471-lawndale-dr"
"2845","/node/2845","/properties/23-mauser-drive"
"2828","/node/2828","/properties/170-viewmont-drive"
"2827","/node/2827","/properties/198-viewmont-drive"
"2826","/node/2826","/properties/312-rossmoor-court"
"2824","/node/2824","/properties/1835-wood-stork-drive"
"2823","/node/2823","/properties/1715-wood-stork-drive"
"2822","/node/2822","/properties/1009-pochard-drive"
"2821","/node/2821","/properties/1005-pochard-drive"
"2820","/node/2820","/properties/1305-wood-stork-drive"
"2819","/node/2819","/properties/1301-wood-stork-drive"
"2818","/node/2818","/properties/107-windy-lane"
"2817","/node/2817","/properties/85-windy-lane"
"2815","/node/2815","/properties/3041-girard-dr-90"
"2813","/node/2813","/properties/126-elsoma-drive"
"2806","/node/2806","/properties/2205-nazareth-church"
"2804","/node/2804","/properties/2213-nazareth-church-road"
"2801","/node/2801","/properties/235-hilton-view-court"
"2800","/node/2800","/properties/231-hilton-view-court"
"2791","/node/2791","/properties/300-scottsdale-court"
"2790","/node/2790","/properties/153-champions-village-drive"
"2789","/node/2789","/properties/308-scottsdale-court"
"2788","/node/2788","/properties/63-tidelands-trail"
"2787","/node/2787","/properties/203-barred-owl-dr"
"2785","/node/2785","/properties/1063-allendale-road"
"2780","/node/2780","/properties/36-mauser-drive"
"2775","/node/2775","/properties/1215-sandpiper-drive"
"2773","/node/2773","/properties/91-carina-lane"
"2771","/node/2771","/properties/108-wheaton-court"
"2770","/node/2770","/properties/102-wheaton-court"
"2769","/node/2769","/properties/104-wheaton-court"
"2768","/node/2768","/properties/106-wheaton-court"
"2763","/node/2763","/properties/13-preserve-ave-camden"
"2749","/node/2749","/properties/345-lake-estates-drive"
"2748","/node/2748","/properties/37-donemere-way"
"2743","/node/2743","/properties/117-chadmore-street"
"2741","/node/2741","/properties/regatta-forest-lot-22"
"2740","/node/2740","/properties/regatta-forest-lot-23"
"2739","/node/2739","/properties/107-dalston-road"
"2732","/node/2732","/properties/108-overbranch-drive"
"2731","/node/2731","/properties/114-overbranch-drive"
"2730","/node/2730","/properties/3049-girard-dr-91"
"2726","/node/2726","/properties/1824-wildwood-lane"
"2725","/node/2725","/properties/1834-wildwood-lane"
"2724","/node/2724","/properties/1830-wildwood-lane"
"2723","/node/2723","/properties/1842-wildwood-lane"
"2722","/node/2722","/properties/40-revolutionary-way-73-0"
"2721","/node/2721","/news/great-southern-homes-first-quarter-2018-sales-sets-records"
"2720","/node/2720","/properties/455-albemarle-ct-1"
"2719","/node/2719","/properties/113-nobility-drive"
"2718","/node/2718","/properties/131-nobility-drive"
"2717","/node/2717","/properties/129-nobility-drive"
"2715","/node/2715","/properties/133-nobility-drive"
"2714","/node/2714","/properties/117-nobility-drive"
"2711","/node/2711","/properties/252-sunset-pt-drive"
"2703","/node/2703","/properties/1000-grove-blvd"
"2702","/node/2702","/properties/1004-grove-blvd"
"2700","/node/2700","/properties/40-revolutionary-way-73"
"2698","/node/2698","/properties/4137-enclave"
"2694","/node/2694","/properties/2103-abernathy-drive"
"2693","/node/2693","/properties/2102-abernathy-drive"
"2688","/node/2688","/properties/148-cassique-drive"
"2686","/node/2686","/properties/633-stoneywater-court"
"2685","/node/2685","/properties/655-stoneywater-court"
"2683","/node/2683","/properties/624-stoneywater-court"
"2682","/node/2682","/properties/618-stoneywater-court"
"2680","/node/2680","/properties/739-sunnywood-court"
"2679","/node/2679","/news/great-southern-homes-wins-big-2017-regal-awards"
"2678","/node/2678","/properties/3006-wessinger-rd"
"2674","/node/2674","/news/chris-emde-land-acquisition-manager"
"2673","/node/2673","/properties/105-winning-ticket-drive"
"2671","/node/2671","/properties/331-thoroughbred-way"
"2668","/node/2668","/properties/235-regatta-road"
"2664","/node/2664","/properties/regatta-forest-lot-17"
"2661","/node/2661","/properties/regatta-forest-lot-18"
"2654","/node/2654","/news/introducing-great-southern-homes-coastal-carolina"
"2643","/node/2643","/properties/1846-wildwood-lane"
"2634","/node/2634","/properties/115-chadmore-street"
"2633","/node/2633","/properties/50-sixty-oaks-lane"
"2623","/node/2623","/properties/1811-wildwood-lane"
"2619","/node/2619","/properties/208-sierra-drive"
"2617","/node/2617","/properties/160-kirkwood-drive"
"2616","/node/2616","/properties/105-pacific-ave"
"2600","/node/2600","/properties/174-saint-george-rd-w-columbia-sc-29170"
"2598","/node/2598","/properties/231-nicene-ct-w-columbia-sc-29170"
"2597","/node/2597","/properties/71-carina-lane"
"2596","/node/2596","/properties/1819-wildwood-lane"
"2589","/node/2589","/properties/1815-wildwood-lane"
"2588","/node/2588","/properties/1807-wildwood-lane"
"2578","/node/2578","/properties/2932-girard-5-0"
"2577","/node/2577","/properties/1275-smyrna-road"
"2576","/node/2576","/properties/1272-smyrna-road"
"2575","/node/2575","/properties/1267-smyrna-road"
"2570","/node/2570","/properties/65-riesling-court"
"2565","/node/2565","/news/great-southern-homes-leaders-awarded-outstanding-building-industry-honors"
"2560","/node/2560","/properties/4125-enclave"
"2551","/node/2551","/properties/40-montecello-lane-lot-8"
"2550","/node/2550","/properties/2899-girard-dr"
"2548","/node/2548","/properties/1496-smyrna-road"
"2542","/node/2542","/properties/30-donemere-way"
"2541","/node/2541","/properties/108-donemere-way"
"2535","/node/2535","/properties/157-champions-village"
"2533","/node/2533","/news/moving-forward-centennial-park-fort-jackson-columbia-sc"
"2531","/node/2531","/properties/71-tidelands-trail"
"2530","/node/2530","/properties/64-tidelands-trail"
"2529","/node/2529","/properties/224-ponte-vedra"
"2519","/node/2519","/properties/236-sunset-point-drive"
"2516","/node/2516","/properties/204-ponte-vedra-drive"
"2509","/node/2509","/properties/523-walking-lane"
"2508","/node/2508","/properties/319-scottsdale-court"
"2507","/node/2507","/properties/331-scottsdale-court"
"2506","/node/2506","/properties/316-scottsdale-court"
"2505","/node/2505","/news/great-southern-homes-voted-best-builder-state-newspaper"
"2501","/node/2501","/properties/412-brushbrook"
"2493","/node/2493","/properties/3039-wild-turkey"
"2486","/node/2486","/properties/100-dunsborough-drive"
"2484","/node/2484","/news/champions-village-murrells-inlet-sc-chosen-best-residential"
"2477","/node/2477","/news/great-southern-homes-and-bia%E2%80%99s-charitable-foundation-build-new-boys-cottage-boys-farm-newberry"
"2476","/node/2476","/properties/20-turnbridge-court"
"2474","/node/2474","/properties/2932-girard-5"
"2473","/node/2473","/properties/248-claudia-drive"
"2472","/node/2472","/properties/244-claudia-drive"
"2470","/node/2470","/properties/241-claudia-drive"
"2465","/node/2465","/properties/175-kirkwood-drive"
"2460","/node/2460","/properties/17-chillingham-circle"
"2454","/node/2454","/properties/688-gladiolus-drive-columbia-sc-29229"
"2447","/node/2447","/properties/216-donemere-way"
"2446","/node/2446","/properties/57-lillie-lane"
"2445","/node/2445","/properties/66-lillie-lane"
"2444","/node/2444","/properties/10-ellard-court"
"2442","/node/2442","/properties/109-brierfield-way"
"2441","/node/2441","/properties/16-sixty-oaks-lane"
"2438","/node/2438","/properties/212-donemere-way"
"2428","/node/2428","/properties/507-connecticut-ave"
"2424","/node/2424","/properties/3149-woodside"
"2418","/node/2418","/properties/2134-bonneville-circle"
"2417","/node/2417","/properties/2122-bonneville-circle-aiken-sc-29801"
"2416","/node/2416","/properties/2114-bonneville-circle-aiken-sc-29801"
"2415","/node/2415","/properties/139-limestone-rd"
"2414","/node/2414","/properties/2108-bonneville-circle-aiken-sc-29801"
"2413","/node/2413","/properties/3825-moseley-drive-lot-56"
"2410","/node/2410","/properties/3797-moseley-drive"
"2409","/node/2409","/properties/3830-moseley-drive"
"2408","/node/2408","/properties/133-limestone-rd"
"2394","/node/2394","/properties/465-albemarle-2"
"2393","/node/2393","/properties/10-minuteman-ln-24"
"2392","/node/2392","/properties/3801-mosely-drive"
"2389","/node/2389","/properties/4128-enclave-dr"
"2387","/node/2387","/properties/4120-enclave-dr"
"2386","/node/2386","/properties/4141-enclave-dr"
"2384","/node/2384","/properties/2531-foxcroft-cir-33"
"2377","/node/2377","/properties/3157-woodside"
"2372","/node/2372","/properties/mh-32b"
"2371","/node/2371","/properties/mh-32a"
"2350","/node/2350","/properties/206-tulip-drive"
"2346","/node/2346","/properties/59-carina-lane"
"2344","/node/2344","/properties/46-riesling-court"
"2343","/node/2343","/properties/6-lillie-lane"
"2334","/node/2334","/news/great-southern-homes-names-pete-kellos-upstate-division-manager"
"2333","/node/2333","/properties/39-tidelands-trail"
"2327","/node/2327","/properties/80-saresden-cove"
"2326","/node/2326","/properties/30-saresden-cove"
"2325","/node/2325","/properties/939-yarrow-lane"
"2309","/node/2309","/properties/299-longmont-drive"
"2306","/node/2306","/properties/230-sunset-point-drive"
"2301","/node/2301","/properties/5-turnbridge-court"
"2300","/node/2300","/properties/9030-belvidere-dr"
"2299","/node/2299","/properties/9026-belvidere-dr"
"2297","/node/2297","/news/great-southern-homes-ranked-1-builder-columbia-sc-and-8-greenville-sc"
"2292","/node/2292","/properties/193-viewmont-drive"
"2290","/node/2290","/properties/109-viewmont-drive"
"2289","/node/2289","/properties/106-viewmont-drive"
"2288","/node/2288","/properties/114-viewmont-drive"
"2287","/node/2287","/properties/162-viewmont-drive"
"2286","/node/2286","/properties/118-viewmont-drive"
"2284","/node/2284","/properties/122-viewmont-drive"
"2283","/node/2283","/properties/102-viewmont-drive"
"2282","/node/2282","/properties/3147-mayflower"
"2281","/node/2281","/properties/3145-mayflower"
"2277","/node/2277","/properties/3141-mayflower-ln"
"2275","/node/2275","/properties/3133-mayflower-ln"
"2271","/node/2271","/properties/619-pinnacle-way"
"2267","/node/2267","/properties/117-viewmont-dr"
"2264","/node/2264","/news/why-buying-new-home-better-fixer-upper"
"2263","/node/2263","/properties/165-tahoe-drive"
"2262","/node/2262","/properties/173-tahoe-drive"
"2261","/node/2261","/properties/169-kirkwood-drive"
"2253","/node/2253","/news/buying-your-first-home-year-or-less"
"2252","/node/2252","/properties/228-ponte-vedra-drive"
"2231","/node/2231","/properties/105-champions-village-drive"
"2229","/node/2229","/properties/304-scottsdale-court"
"2222","/node/2222","/properties/412-brushbrook-dr"
"2221","/node/2221","/properties/408-brushbrook-dr"
"2220","/node/2220","/properties/4137-rodanthe"
"2211","/node/2211","/news/great-southern-homes-ranked-3rd-fastest-growing-private-builder-nation"
"2207","/node/2207","/news/window-door-trends-2017"
"2206","/node/2206","/properties/247-claudia-drive"
"2204","/node/2204","/properties/240-claudia-drive"
"2201","/node/2201","/properties/164-tahoe-drive"
"2200","/node/2200","/properties/170-tahoe-drive"
"2199","/node/2199","/properties/202-tahoe-drive"
"2195","/node/2195","/properties/719-lamberts-way"
"2192","/node/2192","/properties/722-lamberts-way"
"2191","/node/2191","/properties/620-grendal-court"
"2188","/node/2188","/news/8-home-safety-tips-homeowners"
"2187","/node/2187","/properties/107-nobility-drive"
"2186","/node/2186","/properties/139-nobility-drive"
"2183","/node/2183","/properties/137-nobility-drive"
"2181","/node/2181","/properties/111-nobility-drive"
"2180","/node/2180","/properties/135-nobility-drive"
"2168","/node/2168","/properties/26-jubilee-ct"
"2157","/node/2157","/properties/924-yarrow-lane"
"2155","/node/2155","/properties/943-yarrow-lane"
"2153","/node/2153","/properties/927-yarrow-lane"
"2152","/node/2152","/properties/64-carina-lane"
"2149","/node/2149","/properties/47-carina-lane"
"2148","/node/2148","/properties/969-red-hill-rd"
"2147","/node/2147","/properties/965-red-hill-rd"
"2145","/node/2145","/properties/94-lillie-lane"
"2143","/node/2143","/properties/2-lillie-lane"
"2135","/node/2135","/properties/3050-inland-court"
"2134","/node/2134","/properties/3051-inland-court"
"2130","/node/2130","/properties/9-ellard-court"
"2129","/node/2129","/properties/1220-franfisher-dr-247"
"2128","/node/2128","/properties/1045-wilcroft-dr-194"
"2113","/node/2113","/properties/594-compass-rose-way"
"2112","/node/2112","/properties/545-compass-rose-way"
"2111","/node/2111","/news/professional-builder-magazine-interviews-mike-nieri-president-great-southern-homes"
"2110","/node/2110","/news/top-5-home-design-trends-2017"
"2107","/node/2107","/news/be-champion-green-living-smart-home"
"2105","/node/2105","/news/great-southern-homes-continues-lead-midlands-sc-new-home-sales"
"2296","/node/2296","/news/great-southern-homes-opens-new-divisional-offices"
"2097","/node/2097","/properties/1215-franfisher-dr-120"
"2096","/node/2096","/properties/1210-franfisher-dr-246"
"2095","/node/2095","/properties/3715-katwallace-cir-141"
"2090","/node/2090","/properties/2035-indiangrass-cove"
"2089","/node/2089","/properties/2125-canadiangeese-dr"
"2087","/node/2087","/news/moving-day-tips-relocation-survival-guide"
"2084","/node/2084","/properties/105-brandau-lane"
"2073","/node/2073","/properties/120-brierfield-way"
"2060","/node/2060","/properties/104-donemere-way"
"2050","/node/2050","/properties/103-brandau-lane"
"2049","/node/2049","/news/modern-home-builder-magazine-features-great-southern-homes"
"2043","/node/2043","/news/organizing-your-home-5-tips-keep-mind"
"2036","/node/2036","/news/5-critical-questions-ask-when-buying-new-home"
"2035","/node/2035","/properties/50-donemere-way"
"2027","/node/2027","/news/gsh-sales-team-shines-outstanding-performance-awards"
"2024","/node/2024","/news/great-southern-homes-has-outstanding-night-2016-regal-awards"
"2013","/node/2013","/properties/711-lamberts-way"
"2012","/node/2012","/properties/607-grendal-court"
"2011","/node/2011","/properties/320-wendemere-drive"
"1999","/node/1999","/properties/1472-smyrna-rd"
"1998","/node/1998","/properties/1470-smyrna-rd"
"1992","/node/1992","/properties/103-switch-grass-drive"
"1991","/node/1991","/properties/658-hallman-wagon-rd"
"1990","/node/1990","/properties/102-switch-grass-drive"
"1964","/node/1964","/properties/242-claudia-drive"
"1953","/node/1953","/properties/928-yarrow-lane"
"1945","/node/1945","/properties/191-tahoe-drive"
"1944","/node/1944","/properties/203-tahoe-drive"
"1939","/node/1939","/properties/jericho-circle"
"1937","/node/1937","/properties/749-jericho-circle"
"1936","/node/1936","/properties/721-jericho-circle"
"1935","/node/1935","/properties/736-jericho-circle"
"1933","/node/1933","/properties/773-jericho-circle"
"1932","/node/1932","/properties/115-regency-place"
"1931","/node/1931","/properties/119-regency-place"
"1930","/node/1930","/properties/123-regency-place"
"1929","/node/1929","/properties/127-regency-place"
"1928","/node/1928","/properties/131-regency-place"
"1918","/node/1918","/news/great-southern-homes-makes-strides-organizational-changes-propel-growth"
"1873","/node/1873","/properties/112-donemere-way"
"1857","/node/1857","/properties/135-regency-place"
"1856","/node/1856","/properties/111-regency-place"
"1855","/node/1855","/properties/107-regency-place"
"1850","/node/1850","/properties/218-nitsill-court"
"1848","/node/1848","/properties/318-summit-bluff-court"
"1846","/node/1846","/properties/314-summit-bluff-court"
"1900","/node/1900","/news/home-builders-association-sc-names-michael-nieri-president-great-southern-homes-builder-member"
"1829","/node/1829","/properties/108-brierfield-way"
"1828","/node/1828","/properties/46-donemere-way"
"1825","/node/1825","/properties/103-regency-place"
"1824","/node/1824","/properties/533-compass-rose-way"
"1823","/node/1823","/properties/522-compass-rose-way"
"1804","/node/1804","/properties/485-continental-dr-25"
"1802","/node/1802","/properties/20-minutemen-ln-23"
"1773","/node/1773","/properties/139-regency-place"
"1771","/node/1771","/properties/324-wendemere-drive"
"1770","/node/1770","/properties/annaberry-wendemere"
"1750","/node/1750","/properties/1344-blankenship-pl-106"
"1744","/node/1744","/properties/2972-girard-dr-10"
"1905","/node/1905","/news/cardinal-newman-football-field-be-dedicated-halftime-friday-sep-6-2016"
"1742","/node/1742","/properties/425-coral-rose-drive"
"1715","/node/1715","/properties/316-breton-march-court"
"1714","/node/1714","/properties/723-lamberts-way"
"1713","/node/1713","/properties/243-longmont-drive"
"1712","/node/1712","/properties/623-grendal-court"
"1700","/node/1700","/properties/200-donemere-way"
"1699","/node/1699","/properties/105-donemere-way"
"1698","/node/1698","/properties/14-donemere-way"
"1697","/node/1697","/properties/38-donemere-way"
"1696","/node/1696","/properties/208-donemere-way"
"1695","/node/1695","/properties/5-ellard-court"
"1680","/node/1680","/properties/142-regency-place"
"1679","/node/1679","/properties/138-regency-place"
"1676","/node/1676","/properties/950-rockdale-blvd-164"
"1673","/node/1673","/properties/1110-rockdale-blvd-78"
"1634","/node/1634","/properties/122-regency-place"
"1633","/node/1633","/properties/201-palm-hill-court"
"1632","/node/1632","/properties/229-palm-hill-court"
"1631","/node/1631","/properties/126-regency-place"
"1628","/node/1628","/properties/527-compass-rose-way"
"1627","/node/1627","/properties/528-compass-rose-way"
"1625","/node/1625","/properties/534-compass-rose-way"
"1615","/node/1615","/properties/13-turnbridge-court"
"1614","/node/1614","/properties/19-turnbridge-court"
"1613","/node/1613","/properties/25-turnbridge-court"
"1612","/node/1612","/properties/6-turnbridge-court"
"1902","/node/1902","/news/great-southern-homes-ranked-74th-largest-builder-and-6th-fastest-growing-private-builder-nation"
"1909","/node/1909","/news/donors-and-volunteers-build-new-residency-cottages-newberrys-boys-farm-0"
"1903","/node/1903","/news/great-southern-homes-surpasses-two-impressive-milestones"
"1500","/node/1500","/properties/1021-rabon-pond-drive"
"1487","/node/1487","/properties/65-needle-palm-way"
"1466","/node/1466","/properties/365-thoroughbred-way"
"1465","/node/1465","/properties/374-thoroughbred-way"
"1464","/node/1464","/properties/377-thoroughbred-way"
"1449","/node/1449","/properties/354-thoroughbred-way"
"1427","/node/1427","/properties/58-acropolis-court"
"1426","/node/1426","/properties/82-acropolis-court"
"1425","/node/1425","/properties/78-acropolis-court"
"1420","/node/1420","/properties/222-isom-lane"
"1904","/node/1904","/news/great-southern-homes-finishes-first-2015-midlands-sc-new-home-sales"
"1378","/node/1378","/properties/318-copper-queen-court"
"1361","/node/1361","/properties/589-cornerstone-circle"
"1360","/node/1360","/properties/585-cornerstone-circle"
"1359","/node/1359","/properties/593-cornerstone-circle"
"1358","/node/1358","/properties/584-cornerstone-circle"
"1326","/node/1326","/properties/314-copper-queen-court"
"1325","/node/1325","/properties/326-copper-queen-court"
"1323","/node/1323","/properties/322-copper-queen-court"
"1321","/node/1321","/properties/688-cornerstone-circle"
"1317","/node/1317","/properties/238-bronze-bluff-court"
"1312","/node/1312","/properties/689-cornerstone-circle"
"1290","/node/1290","/properties/519-lilypad-court"
"1280","/node/1280","/properties/535-lilypad-court"
"1279","/node/1279","/properties/531-lilypad-court"
"1271","/node/1271","/properties/234-secretariat-drive"
"1261","/node/1261","/properties/242-bronze-bluff-court"
"1260","/node/1260","/properties/323-copper-queen-court"
"1256","/node/1256","/properties/439-forrest-creek-way"
"1231","/node/1231","/properties/428-forest-creek-way"
"1230","/node/1230","/properties/442-forest-creek-way"
"1192","/node/1192","/properties/241-secretariat-drive"
"1171","/node/1171","/properties/107-lost-lure-lane"
"1163","/node/1163","/properties/580-cornerstone-circle"
"1149","/node/1149","/properties/235-secretariat-drive"
"1118","/node/1118","/properties/75-acropolis-court"
"1117","/node/1117","/properties/246-secretariat-drive"
"1102","/node/1102","/properties/129-lost-lure-lane"
"1097","/node/1097","/properties/55-blanchelle-court"
"1083","/node/1083","/properties/226-bronze-bluff-court"
"1070","/node/1070","/properties/122-winning-ticket-drive-0"
"1069","/node/1069","/properties/228-secretariat-drive"
"1052","/node/1052","/properties/520-brody-park-road"
"1036","/node/1036","/properties/230-bronze-bluff-court"
"1024","/node/1024","/properties/519-lilly-pad-court"
"1013","/node/1013","/properties/306-copper-queen-court"
"1011","/node/1011","/properties/223-secretariat-drive"
"1010","/node/1010","/properties/122-winning-ticket-drive"
"1009","/node/1009","/properties/217-secretariat-drive"
"1008","/node/1008","/properties/118-winning-ticket-drive"
"1007","/node/1007","/properties/229-secretariat-drive"
"1006","/node/1006","/properties/439-forest-creek-way"
"1005","/node/1005","/properties/220-secretariat-drive"
"1004","/node/1004","/properties/216-secretariat-drive"
"973","/node/973","/properties/42-blanchelle-court"
"960","/node/960","/properties/597-cornerstone-circle"
"957","/node/957","/properties/114-lost-lure-lane"
"955","/node/955","/properties/604-cornerstone-circle"
"950","/node/950","/properties/213-durden-park-row"
"944","/node/944","/properties/413-running-bear-court"
"852","/node/852","/properties/169-stonemont-drive"
"851","/node/851","/properties/173-stonemont-drive"
"844","/node/844","/properties/233-palm-hill-court"
"824","/node/824","/properties/104-winning-ticket-drive"
"819","/node/819","/properties/526-lilypad-court"
"797","/node/797","/properties/111-eugene-court"
"793","/node/793","/properties/54-acropolis-court"
"791","/node/791","/properties/10-montague-court"
"790","/node/790","/properties/1203-ancrums-ferry-road"
"789","/node/789","/properties/1195-ancrums-ferry-road"
"747","/node/747","/properties/255-flinchum-place"
"735","/node/735","/properties/120-driftwood-avenue"
"730","/node/730","/properties/21-ashmore-place"
"722","/node/722","/properties/388-blythe-creek-drive"
"719","/node/719","/properties/353-blythe-creek-drive"
"717","/node/717","/properties/352-blythe-creek-drive"
"614","/node/614","/properties/271-flinchum-place"
"502","/node/502","/properties/carter-stonington"
"490","/node/490","/properties/dogwood-stonington"
"489","/node/489","/properties/510-lily-pad-circle"
"470","/node/470","/properties/bentgrass-stonington"
"450","/node/450","/properties/133-palm-hill-drive"
"375","/node/375","/properties/sonoma-forest-creek"
"368","/node/368","/properties/tidewater-deer-lake"
"361","/node/361","/properties/bentgrass-centennial-lake-carolina"
"360","/node/360","/properties/royce-brickside-village"
"358","/node/358","/properties/annaberry-brickside-village"
"351","/node/351","/properties/bentgrass-blythecreek"
"339","/node/339","/properties/tidewater-ridgeview"
"331","/node/331","/properties/bentgrass-ridgeview"
"330","/node/330","/properties/annaberry-ridgeview"
"326","/node/326","/properties/palmetto-palmetto-courtyards"
"316","/node/316","/properties/crestview-ii-stoney-pointe"
"315","/node/315","/properties/bentgrass-stoney-pointe"
"297","/node/297","/properties/edgewater-cobbs-hill"
"288","/node/288","/properties/harborview-d-sageland-place"
"287","/node/287","/properties/haborview-c-sageland-place"
"286","/node/286","/properties/haborview-b-sageland-place"
"285","/node/285","/properties/crestview-ii-sageland-place"
"279","/node/279","/properties/bentgrass-canary-woods"
"277","/node/277","/properties/annaberry-canary-woods"
"269","/node/269","/properties/bentgrass-pocalla-springs"
"249","/node/249","/properties/arbor-arbors"
"242","/node/242","/properties/bentgrass-wedwood-community"
"241","/node/241","/properties/bamburg-wedwood-community"
"240","/node/240","/properties/annaberry-wedwood-community"
"233","/node/233","/properties/annaberry-hunters-crossing"
"228","/node/228","/properties/sonoma-bridlewood-farms"
"182","/node/182","/properties/515-sagauro-court"
"159","/node/159","/properties/3680-galloway-lane"
"111","/node/111","/properties/225-saskatoon-dr"
"133","/node/133","/properties/31-mauser-drive"
"90","/node/90","/properties/19-n-silas-brook-court"
"94","/node/94","/properties/194-mesa-verde-drive"
"98","/node/98","/properties/2-yellow-flag-ct"
